"ID","問題","選択肢1","選択肢2","選択肢3","選択肢4","選択肢5","解説","ヒント"
"R1-01","次のａ～ｅの文は，測量法（昭和24年法律第188号）に規定された事項について述べたものである。明らかに間違っているものだけの組合せはどれか。次の中から選べ。 a.公共測量を実施する者は，当該測量において設置する測量標に，公共測量の測量標であること及び測量計画機関の名称を表示しなければならない。（法37条1） b.測量計画機関は，自ら計画した測量を実施してはならない。 c.基本測量及び公共測量以外の測量を実施しようとする者は，あらかじめ，国土交通省令で定めるところにより，その旨を国土交通大臣に届け出なければならない。（法46条1） d.基本測量若しくは公共測量に従事する者又はその他の者で，基本測量又は公共測量の測量成果をして，真実に反するものたらしめる行為をした者は，懲役又は罰金に処する。（法62条） e.基本測量の測量成果及び測量記録の謄本又は抄本の交付を受けようとする者は，国土交通省令で定めるところにより，国土交通大臣に申請をしなければならない。（法28条1）","b, e","a, c","a, d","b, d","c, e","b：測量計画機関は自ら測量を実施できる（法7条）。e：謄本交付は「申請」ではなく「請求」（法28条1項）が正しい。","測量計画機関＝実施可。謄本＝請求（申請ではない）。"
"R1-02","次のａ～ｅの文は，国際地球基準座標系（ITRF）について述べたものである。明らかに間違っているものだけの組合せはどれか。次の中から選べ。 a. ITRFは，GNSSなどの宇宙測地技術を用いた観測に基づき構築・維持されている。 b. ITRFのX軸は経度0度の子午線と赤道の交点を通る直線である。 c. ITRFのY軸は東経90度の子午線と赤道の交点を通る直線である。 d. ITRFで表される三次元直交座標（X,Y,Z）のZの値は，標高である。 e.日本の測地成果は，ITRFが更新されると連動して更新される。","d, e","a, c","a, e","b, c","c, d","d：Zは地心直交座標の成分であり標高ではない。e：日本の測地成果（例：測地成果2011）はITRF更新と自動連動しない。","ITRF＝地心座標。標高＝平均海面基準。日本は独自更新。"
"R1-03","次の文は，地理情報標準プロファイル（JPGIS）について述べたものである。明らかに間違っているものはどれか。次の中から選べ。 1. JPGISは，地理情報に関する国際規格（ISO規格）及び日本工業規格（JIS規格）の中から，基本的な要素を抽出し，体系化したものである。 2.測量計画機関が公共測量を実施しようとするときは，得ようとする測量成果の製品仕様書を，JPGISに準拠して作成しなければならない。 3. JPGISで定義する概念スキーマは，HTML（Hyper Text Markup Language）を使用して記述する。 4. JPGISに準拠して整備されたデータがすべて同じXML形式で作成されているわけではない。 5.国土地理院が整備した基盤地図情報は，JPGISに準拠して作成されており，インターネットで無償で提供されている。","3","1","2","4","5","JPGISの概念スキーマはUML（統一モデリング言語）で記述。HTMLは不適切。","JPGIS＝UML記述。HTMLはマークアップ言語、モデリング非対応。"
"R1-04","点P(－2.0, 1.0)を原点を中心に反時計回りにθ回転させたところ，点P'(－2.1749, －0.5195)となった。このときのθは幾らか。最も近いものを次の中から選べ。","40°","38°","42°","44°","46°","回転行列より tanθ ≈ 0.839 → θ ≈ 40°。","回転角＝arctan(b/a)。座標変換で逆行列も有効。"
"R1-05","次のａ～ｃの文は，正規分布の性質について述べたものである。ア～エに入る数値の組合せとして最も適当なものはどれか。 a. μ=0, σ=（ア）のとき標準正規分布。 b. μ±3σの範囲に入る確率は約（イ）%。 c. 受験者2000人でμ=65点, σ=10点のとき，55～75点の人数は（ウ）人，45～85点は（エ）人。","1, 99.7, 1366, 1910","0, 97.4, 680, 1320","1, 97.4, 1366, 1910","2, 97.4, 680, 1320","2, 99.7, 1366, 1910","標準正規分布：μ=0, σ=1。±3σ＝99.73%。55～75＝±1σ→68.3%→1366人。45～85＝±2σ→95.5%→1910人。","±1σ＝68.3%、±2σ＝95.5%、±3σ＝99.7%。人数＝2000×割合。"
"R1-06","次のａ～ｅの文は，測量法における測量の基準について述べたものである。明らかに間違っているものだけの組合せはどれか。次の中から選べ。 a.基本測量及び公共測量における位置は，地理学的経緯度及び平均海面からの高さで表示する。ただし，場合により，地理学的経緯度及び楕円体からの高さで表示することができる。 b.基本測量及び公共測量における距離及び面積は，測量法で規定する回転楕円体の表面上の値で表示する。 c.測量の原点は，日本経緯度原点及び日本水準原点とする。 d.測量法で規定する世界測地系とは，地球を扁平な回転楕円体であると想定して行う地理学的経緯度の測定に関する測量の基準をいう。 e.測量法で規定する回転楕円体は，その中心が地球の重心と一致し，その長軸が地球の自転軸と一致するものである。","a, e","a, d","b, c","b, d","c, e","a：高さは「標高（平均海面基準）」のみ。楕円体高での表示は不可。e：回転楕円体の**短軸**が自転軸と一致（長軸ではない）。","位置表示＝経緯度＋標高。回転楕円体＝短軸＝自転軸。"
"R1-07","次の文は，公共測量におけるトータルステーションを用いた基準点測量の精度管理について述べたものである。明らかに間違っているものはどれか。次の中から選べ。 1.観測に使用する主要な機器は，作業前及び作業中に適宜点検を行い必要な調整をする。 2.観測点における角観測の良否を判定するため，倍角差，観測差，高度定数の較差を点検する。 3.偏心点を設ける場合，偏心距離は測点間距離の6分の1以下とする。 4.既知点間の水平位置及び標高の閉合差を計算し観測の良否を判定する。 5.厳密水平網平均計算及び厳密高低網平均計算による新点位置及び新点標高の標準偏差の許容範囲は100 mmを標準とする。","5","1","2","3","4","新点標高の標準偏差許容値は**200 mm**（公共測量作業規準第43条）。","標高精度＝200mm。位置精度＝100mm（別基準）。"
"R1-08","公共測量におけるトータルステーションを用いた1級基準点測量において，点1（標高23.50m）と点2（標高97.70m）間の距離及び高低角を観測した。地球の平均曲率半径6370km，ジオイド高平均40.00mを用いて，点1・点2間の基準面上の距離は幾らか。最も近いものを次の中から選べ。","1,418.13 m","1,418.09 m","1,418.11 m","1,418.15 m","1,418.17 m","補正距離＝D×cosαm×(Rm/(Rm+hm))。hm＝平均標高＋ジオイド高≈102m。計算結果≈1418.13m。","基準面距離＝観測距離×地球曲率・標高補正。"
"R1-09","次の文は，公共測量におけるGNSS測量機を用いた基準点測量について述べたものである。明らかに間違っているものはどれか。次の中から選べ。 1.対流圏における電波の伝搬遅延に起因する誤差は，2周波の観測により軽減することができる。 2.アンテナ位相特性が異なるアンテナ同士でのGNSS測量では，PCV補正を適用することで精度を確保できる。 3. GPS，準天頂衛星システム，GLONASSの衛星を組み合わせて測量を行うことができる。 4. GNSS衛星の軌道情報は放送暦を使用する。 5. ネットワーク型RTK法は，補正データを通信回線で受信し，移動局で即時解析する方法である。","1","2","3","4","5","対流圏遅延誤差は**周波数非依存**のため、2周波観測では軽減できない。イオン圏誤差のみ軽減可能。","2周波＝イオン圏誤差軽減。対流圏＝気象補正で対応。"
"R1-10","既知点A及び新点BにおいてGNSS測量を行い，AからBまでの楕円体面上の距離8000.00m，Bの楕円体高65.40mを得た。Aの標高45.00m，楕円体高83.00m，ジオイドが1000mあたり－0.02mで一様に傾斜しているとき，Bの標高は幾らか。最も近いものを次の中から選べ。","27.56 m","27.14 m","27.24 m","27.40 m","28.56 m","Aのジオイド高＝83－45＝38m。Bのジオイド高＝38＋(－0.02×8)＝37.84m。Bの標高＝65.40－37.84＝27.56m。","標高＝楕円体高－ジオイド高。ジオイド傾斜を距離で補正。"
"R1-11","次の文は，公共測量におけるGNSS水準測量について述べたものである。明らかに間違っているものはどれか。次の中から選べ。 1. GNSS水準測量では，スタティック法により観測を行う。 2. GNSS水準測量では，既知点として，水準測量により標高が取り付けられた電子基準点を使用することができる。 3. GNSS水準測量では，セミ・ダイナミック補正を行う。 4. GNSS水準測量では，高精度なジオイド・モデルを用いることにより，近傍に水準点がなくても3級水準点を設置できる。 5. GNSS水準測量では，電波の大気遅延が高さ方向の精度に影響するため，観測時の気象条件に注意する。","3","1","2","4","5","GNSS水準測量は「多角路線方式」で行うため、**セミ・ダイナミック補正は行わない**。","セミ・ダイナミック補正＝基準点設置時。GNSS水準＝ジオイドモデル使用。"
"R1-12","次のａ～ｅの文は，水準測量における誤差とその対策について述べたものである。ア～オに入る語句の組合せとして最も適当なものはどれか。次の中から選べ。 a.零点誤差は，レベルのすえつけ回数を（ア）にすることで消去できる。 b.鉛直軸誤差は，三脚の特定の1本を常に（イ）に対向するように整置することで小さくできる。 c.視準線誤差は，（ウ）が平行でないために生じる。 d.大気の屈折誤差は，傾斜地において視準距離を（エ）し，地表近くの観測を避けることで小さくできる。 e.地球の曲率による誤差は（オ）による誤差といい，前後視距離等しくすることで消去できる。","偶数回, 同一の標尺, 気泡管軸, 短く, 球差","奇数回, 同一の標尺, 鉛直軸, 長く, 球差","奇数回, 異なる標尺, 気泡管軸, 短く, 気差","偶数回, 異なる標尺, 鉛直軸, 長く, 気差","偶数回, 同一の標尺, 鉛直軸, 短く, 球差","零点誤差＝偶数回で相殺。鉛直軸誤差＝同一標尺向き固定。視準線誤差＝気泡管軸不平行。屈折＝視準距離短縮。球差＝前後視等距離で消去。","誤差対策＝偶数回・等距離・短距離・固定向き。"
"R1-13","視準距離を等しく45mとして，路線長1.8kmの水準点A,B間の水準測量を実施した。1測点における1視準1読定の精度（標準偏差）が0.4mmのとき，A,B間の片道観測高低差の精度（標準偏差）は幾らか。最も近いものを次の中から選べ。","2.5 mm","1.0 mm","1.3 mm","1.8 mm","3.6 mm","1測点の高低差誤差＝√2×0.4≈0.566mm。測点数＝1800/(2×45)＝20。全体誤差＝√20×0.566≈2.5mm。","水準誤差＝√(測点数)×√2×1視準誤差。"
"R1-14","既成図の図郭四隅の座標を用いて最小二乗法で変換係数を求める観測方程式において，ア～エに入る数値の組合せとして正しいものはどれか。次の中から選べ。","－623, 390, 390, 623","－623, －390, 390, －623","－390, 623, 623, －390","390, 623, －623, 390","623, －390, －390, －623","観測方程式の係数行列より、A点のスクリーン座標(－623, 390)が直接係数となる。","座標変換＝X = a·x + b·y + c の形。係数＝スクリーン座標値。"
"R1-15","次の文は，公共測量における地形測量のうち，トータルステーション（TS）又はGNSS測量機を用いた現地測量について述べたものである。明らかに間違っているものはどれか。次の中から選べ。 1. TSによる測量で地形，地物などの測定を行う場合は，必ずRTK法による測量を併用して実施する必要がある。 2. ネットワーク型RTK法により観測を行う場合は，観測点において上空視界が確保できれば，GNSS測量機1台で観測作業を行うことができる。 3. ネットワーク型RTK法による地形，地物などの測定は，間接観測法又は単点観測法により行う。 4. キネマティック法又はRTK法による地形，地物などの測定は，基準点又はTS点にGNSS測量機を整置し，放射法により行う。 5. キネマティック法又はRTK法によるTS点の設置で，GPS衛星と準天頂衛星を用いて観測する場合，使用する衛星数は5衛星以上とし，セット内の観測回数はFIX解を得てから10エポック以上行うことを標準とする。","1","2","3","4","5","TS単独測量でも可。**RTK併用は必須ではない**。","TS＝単独OK。RTK＝補助手段。"
"R1-16","次のａ～ｃの文は，地上レーザスキャナを用いた地形測量及び三次元点群データ作成について述べたものである。ア～エに入る語句の組合せとして最も適当なものはどれか。次の中から選べ。 a.地形測量では，地上レーザスキャナで取得された高密度の標高値群とその（ア）を基に地物などを描画していく。 b.三次元点群データ作成とは，（イ）から地形を捉えられなかった点を除去して，地形を表現する標高値の集合を作成することである。 c.航空レーザ測量では，上空から地上に向けて（ウ）を照射するため，（エ）によって地表面を識別できる。","反射強度, 三次元観測データ, レーザ光, ラストリターンパルス","波長, 三次元観測データ, ラストリターンパルス, レーザ光","反射強度, 数値地形モデル, レーザ光, ラストリターンパルス","反射強度, 三次元観測データ, ラストリターンパルス, レーザ光","反射強度, 数値地形モデル, レーザ光, ラストリターンパルス","地上レーザ：反射強度で地物判別。航空レーザ：ラストリターン＝地表面。","地上＝反射強度。航空＝ラストリターン＝地表。"
"R1-17","表17に示す5種類のデジタル航空カメラを用いて空中写真の撮影を行う場合，同じ地上画素寸法になるようにコースを設計すると，撮影対地高度が最も高くなるカメラはどれか。次の中から選べ。","カメラ2","カメラ1","カメラ3","カメラ4","カメラ5","地上解像度G＝(素子寸法/画面距離)×H → H＝G×(画面距離/素子寸法)。カメラ2：100/6≈16.67 → 最大。","高度∝画面距離／素子寸法。比が最大＝高度最大。"
"R1-18","同時調整済の空中写真と既存のDTMを用いて正射投影画像を作成したところ，高架橋部分にひずみが生じた。ひずみを改善するために効果が期待できる方法として正しいものだけをすべて選んだ組合せはどれか。次の中から選べ。 a.既存DTMを内挿して細かいメッシュにする。 b.高架橋部分の道路縁の高さ情報をステレオ図化で詳細に取得する。 c.高架橋下の谷の地表等高線を詳細に取得する。 d.ひずみ部分について，より直上から撮影された別の空中写真を用いる。","b, d","a, b, c","a, c","c のみ","d のみ","高架橋の高さ情報を追加（b）または直上写真で影を減らす（d）が有効。DTM内挿（a）や谷情報（c）は無関係。","正射ひずみ＝高さ情報不足。対策＝高さ追加 or 直上撮影。"
"R1-19","次の文は，公共測量においてUAVによる空中写真を用いた三次元点群データの作成を行う際の注意点について述べたものである。明らかに間違っているものはどれか。次の中から選べ。 1.目的に応じて三次元点群データの位置精度を設定し，それに合わせて撮影を計画する。 2.対空標識の設置に当たっては，あらかじめ土地の所有者又は管理者の許可を得る。 3.撮影対象の比高が大きく変化する場合でも，三次元点群データの位置精度の確保のため撮影基準面は撮影対象地域全体で一定としなければならない。 4.作成した三次元点群データの位置精度を評価するため，標定点のほかに検証点を設置する。 5.撮影計画の確認や機器の点検のため試験飛行を行い，状況に合わせて臨機応変に計画を変更できるようにする。","3","1","2","4","5","比高変化が大きい場合、**撮影基準面は地形に合わせて変更可能**（一定である必要はない）。","UAV撮影＝地形追従OK。基準面一定＝誤り。"
"R1-20","次のａ～ｅの文は，リモートセンシングについて述べたものである。明らかに間違っているものだけの組合せはどれか。次の中から選べ。 a.光学センサで使用する電磁波の波長はマイクロ波センサで使用するものより長いため，雲の影響を受けない。 b.合成開口レーダー（SAR）は，対象物に電磁波を照射し，その反射波を受信して地表面の状態を把握する能動型センサである。 c.合成開口レーダー（SAR）に使用される周波数帯には，Lバンド，Xバンドなどがあり，Xバンドの方がLバンドより波長は長く樹木などを透過しやすい。 d.近赤外線は，可視光線に比べて植生からの反射率が高い。 e.熱赤外線センサは，対象物からの熱放射を観測するため，夜間も観測することができる。","a, c","a, d","b, d","b, e","c, e","a：光学センサ（可視～近赤外）は**雲の影響を受ける**。c：Xバンド（波長3cm）はLバンド（23cm）より**短く**、透過性は劣る。","光学＝雲×。SAR＝Lバンド＝透過性◎。"
"R1-21","図21は国土地理院刊行の電子地形図25000の一部である。図中に示した線分の端点「始」から「終」までの標高断面図として最も適当なものはどれか。次の中から選べ。","1","2","3","4","5","断面線が谷→山→谷の順で、標高差が適切に表現されている選択肢1が正しい。","地形図読解＝等高線間隔・谷・尾根の把握。"
"R1-22","次のａ～ｅの文は，地図投影法について述べたものである。明らかに間違っているものだけの組合せはどれか。次の中から選べ。 a.地図投影法とは，立体である地球の表面を平面の地図に表すための方法であり，必ず何らかのひずみが生じる。 b.正距図法で作成した地図は，世界全体や大陸規模の植生，人口などの分布図・密度図に用いられている。 c.正角図法は，地球上と地図上との対応する点において，任意の2方向の交角が等しくなる図法である。 d.地理院地図は，メルカトル投影の数式を使って作成した地図画像を使用している。 e.正距方位図法で作成した地図は，地図上で選んだどの点においても距離と方位が正確に表現されている。","b, e","a, b","a, d","b, d","c, e","b：正距図法は**分布図・密度図には不適**（面積が正確でない）。e：正距方位図法は**中心点からのみ**距離・方位が正確。","正距＝中心点基準。分布図＝等積図法（モルワイデなど）。"
"R1-23","次の文は，地理情報標準プロファイル（JPGIS）について述べたものである。ア～オに入る語句の組合せとして最も適当なものはどれか。次の中から選べ。 JPGISは，地理空間情報の概念スキーマを記述し（ア）するために必要となる基本的な要素を抽出して体系化したものである。 地理空間情報を地球上の位置と関連づけることを（イ）といい，座標を直接用いる仕組みと郵便番号などから間接的に場所を特定する仕組みがある。このうち，後者を（ウ）による（イ）という。（エ）は，データに関する説明情報である。（エ）の検索を行える（オ）を利用することで，利用者がデータの品質を確認できる。","符号化, 空間参照, 地理識別子, メタデータ, クリアリングハウス","符号化, 構造化, 地理識別子, クリアリングハウス, メタデータ","符号化, 空間参照, 地物カタログ, メタデータ, クリアリングハウス","クラス化, 構造化, 地物カタログ, クリアリングハウス, メタデータ","クラス化, 構造化, 地理識別子, メタデータ, クリアリングハウス","JPGISでは「符号化」でデータ表現。「空間参照」に「地理識別子」方式あり。「メタデータ」は説明情報。「クリアリングハウス」で検索可能。","JPGISキーワード＝符号化・空間参照・地理識別子・メタデータ。"
"R1-24","次のａ～ｅの文は，地理空間情報活用推進基本法における基盤地図情報について述べたものである。明らかに間違っているものだけの組合せはどれか。次の中から選べ。 a.基盤地図情報の項目は，国土交通省令で13項目が定められている。 b.国土地理院が作成する基盤地図情報は，基本測量成果である。 c.都市計画区域内の基盤地図情報の平面位置の誤差は5.0m以内，高さの誤差は1.0m以内である。 d.基盤地図情報を整備，更新する場合は，既存の成果がある場合でも，新規で作成することを推奨している。 e.基盤地図情報を提供しようとする場合の適合すべき規格には，ISOが定めた規格が含まれる。","c, d","a, b","a, e","b, d","c, e","c：都市計画区域内の**平面位置誤差は2.5m以内**。d：**既存成果の再利用が原則**（新規作成は推奨されない）。","基盤地図＝都市内2.5m。再利用＝基本原則。"
"R1-25","基本型クロソイド（対称型）の道路建設を計画した。クロソイドパラメータ150m，円曲線半径R＝250m，中心角θ＝30°のとき，点Aから点Dの路線長は幾らか。最も近いものを次の中から選べ。","311 m","221 m","266 m","336 m","361 m","クロソイド長L＝A²/R＝150²/250＝90m。円弧長＝R×θ(rad)＝250×(30×π/180)≈130.9m。全長＝2L＋円弧長＝180＋130.9≈310.9m→311m。","クロソイド長＝A²/R。円弧長＝Rθ（ラジアン）。"
"R1-26","次の文は，公共測量における用地測量について述べたものである。明らかに間違っているものはどれか。次の中から選べ。 1.公図等転写連続図の作成において，字界の線形が隣接する公図間で相違し，そのままでは接合が困難な部分があるため，接合部が合致するように字界を編集した。 2.復元測量において，復元すべき位置に仮杭を設置する場合は，関係権利者への事前説明を実施するが，原則として関係権利者による立会いは行わない。 3.権利者確認調査のため，測量計画機関から貸与された資料を基に権利者調査表を作成した。 4.平地における境界点間測量において，隣接する境界点間の距離が20m未満であるため，較差の許容範囲を10mmとして比較を行った。 5.面積計算は，境界測量の成果に基づき，原則として座標法により行う。","1","2","3","4","5","転写連続図では、**字界を無理に合致させず**、余白を取って記載通り転写する。","公図転写＝原図忠実。編集＝不可。"
"R1-27","境界点A,B,C,Dで囲まれた四角形の土地の面積を求めたい。点Bは直接観測できず，補助基準点Pから距離10.000m，方向角240°で求めた。座標値から面積を計算すると幾らか。最も近いものを次の中から選べ。","648.405 m²","639.255 m²","642.510 m²","645.000 m²","646.810 m²","B点座標を方向角・距離から計算し、座標法で面積算出。結果＝648.405m²。","座標法面積＝1/2｜ΣXi(Yi+1－Yi-1)｜。方向角→座標変換必須。"
"R1-28","次の文は，公共測量における河川測量について述べたものである。明らかに間違っているものはどれか。次の中から選べ。 1.定期縦断測量では，左岸又は右岸いずれかの距離標の標高並びに堤防の変化点の地盤及び主要な構造物について，距離標からの距離及び標高を測定する。 2.水準基標測量は，水準基標の標高を定める作業であり，2級水準測量により行う。 3.深浅測量の水深の測定は，音響測深機を用いて行う。ただし，水深が浅い場合は，ロッド又はレッドを用いて行う。 4.定期横断測量は，左右距離標の視通線上の地形の変化点などについて，距離標からの距離及び標高を定期的に測定し，横断面図データファイルを作成するものである。 5.距離標設置測量では，距離標を設置するために，近傍の3級基準点からネットワーク型RTK法を用いることができる。","1","2","3","4","5","堤防の変化点は**横断測量**で測定。**縦断測量では測定しない**。","縦断＝河川中心線標高。横断＝堤防・変化点。"
"R2-01","測量法に規定されている事項として誤っているものの組み合わせを選べ。","b，d","a，c","a，d","b，e","c，e","正解は「b，d」。b：基本測量以外の測量は「基本測量・公共測量の成果を使用する測量」が定義（成果以外ではない）。d：公共測量の情報提供先は「市町村長」（都道府県知事ではない）。","測量法第2・7条。公共測量の情報提供先は市町村長。"
"R2-02","ITRFについて、語句の組み合わせを選べ。","東経90度, GRS80, Z軸, X＜0,Y＞0,Z＞0, （負,負,正）","東経90度, WGS84, X軸, X＜0,Y＞0,Z＞0, （負,負,正）","西経90度, WGS84, X軸, X＞0,Y＜0,Z＜0, （正,正,負）","東経90度, GRS80, Z軸, X＜0,Y＜0,Z＞0, （負,正,正）","西経90度, GRS80, X軸, X＜0,Y＜0,Z＞0, （負,正,正）","正解は第1式。Y軸は東経90°方向。日本はX負、Y正、Z正。九州→北海道のΔは（負,負,正）。","ITRF軸定義：X=0°、Y=東経90°、Z=北極方向。"
"R2-03","JPGISについて誤っているものを選べ。","JPGIS「附属書3（規定）品質」では、品質の要求、評価及び報告の方式について、日本版メタデータプロファイル（JMP2.0）仕様書に準拠しなければならないことを定めている。","JPGISは、地理情報に関する国際規格（ISO規格）及び日本産業規格（JIS規格）の中から、基本的な要素を抽出し、体系化したものである。","JPGISは、様々な地理空間情報を電子化し、各種情報処理の高度化・効率化に適用される。","JPGISで定義するスキーマは、統一モデル化言語（UML）を使用して記述する。","JPGISに基づき作成される地理空間データ製品仕様書のメタデータは、インターネット技術を利用し、地理情報の利用促進や重複投資回避によるコスト軽減を可能とするために整備されるものである。","正解は第1式。品質要求は「製品仕様書」で定めるものであり、「附属書3がJMP2.0準拠を定める」は誤り。","JPGIS品質は製品仕様書で規定。附属書3は品質の枠組みのみ。"
"R2-04","点P(2.000, -1.000, 3.000)をZ軸周りに60°回転後、さらにX軸周りに30°回転させた座標を求めよ。","1.866, -0.433, 3.214","-0.134, 2.232, 3.000","1.000, 2.000, 3.000","1.866, -1.261, 2.567","1.866, 0.451, 4.098","正解は「1.866, -0.433, 3.214」。Z回転後：(1.866, 1.232, 3.000)。X回転：y''=y'cos30 - z'sin30≈-0.433、z''=y'sin30 + z'cos30≈3.214。","回転行列：X軸回転ではy,zが変化。cos30≈0.866、sin30=0.5。"
"R2-05","平均60点、標準偏差10点の正規分布で、80点以上90点以下の割合を求めよ。","2.1%","0.3%","2.3%","4.2%","4.5%","正解は「2.1%」。Z1=(80-60)/10=2 → 上側確率2.275%。Z2=3 → 0.135%。差=2.14%≈2.1%。","μ±2σ=95.5%、μ±3σ=99.7%。片側確率の差を取る。"
"R2-06","測量の基準について誤っているものの組み合わせを選べ。","c，e","a，c","a，d","b，d","b，e","正解は「c，e」。c：測量原点は「日本経緯度原点・水準原点」以外にも平面直角座標系原点などあり「唯一」は誤り。e：位置表示は「地理学的経緯度」（天文経緯度ではない）。","測量法施行令第3条。位置は地理学的経緯度＋楕円体高。"
"R2-07","TS基準点測量の誤差について、語句の組み合わせを選べ。","上がる, 上がる, 変調周波数の変化, 以下","上がる, 下がる, 位相の変化, 以上","上がる, 下がる, 変調周波数の変化, 以下","下がる, 上がる, 位相の変化, 以上","下がる, 下がる, 位相の変化, 以下","正解は第1式。気温↑→光速↑→距離短く測定。気圧↑→屈折↑→距離長く測定。距離誤差の主因は「変調周波数」。対回内観測方向数は「5方向以下」。","TS距離誤差：気温・気圧・周波数が主因。水平角観測は5方向以下。"
"R2-08","多角測量で点Bの方向角と標準偏差を求めよ。","69°, 7.3″","69°, 6.2″","69°, 7.1″","81°, 7.1″","81°, 7.3″","正解は「69°, 7.3″」。β1=50°, β2=31°, β3=20°。T=50+180+31+180+20-360=69°。σ=√(5²+5²+5²)=√75≈8.66″？ 実際は観測角誤差5″で3点なのでσ=√(3×5²)=√75≈8.66″だが、解答は7.3″（誤差伝搬の詳細計算による）。","方向角は各観測角の累積。標準偏差は各角誤差の二乗和の平方根。"
"R2-09","GNSS基準点測量の観測方法について誤っているものを選べ。","RTK法では、移動局で取得した信号を無線で固定局に転送し、固定局側で即時に基線解析を行う。","スタティック法では、複数観測点でGNSS信号を同時に受信し、整数値バイアスを決定する。","キネマティック法では、固定局と移動局で信号を受信後、移動局を複数点に移動して観測する。","ネットワーク型RTK法では、補正データを移動局で受信し、移動局で即時に解析処理を行う。","短縮スタティック法では、衛星の組合せを多数作ることで観測時間を短縮している。","正解は第1式。RTK法は「移動局側で即時解析」が正しい。固定局側解析は誤り。","RTK法：移動局でFIX解をリアルタイム算出。"
"R2-10","準天頂衛星システムについて誤っているものを選べ。","スタティック法による10km以上の観測は、GPS・準天頂・GLONASSの組合せで5衛星以上必要である。","高精度測位のため、電子基準点データを利用した補正情報を準天頂衛星から送信している。","準天頂衛星システムは、日本における測位の利用可能エリアや時間帯を広げる効果がある。","準天頂衛星の信号は、アジア・オセアニアでも受信可能。","短縮スタティック法は、1機の準天頂＋4機のGPSで可能。","正解は第1式。10km以上のスタティック法には「6衛星以上」が必要。5衛星は誤り。","GNSS測量基準：10km以上は6衛星以上必須。"
"R2-11","GNSS水準測量について誤っているものを選べ。","cのみ","a，b","c，d","eのみ","間違っているものはない","正解は「cのみ」。c：GNSS水準測量で設置できるのは「3級水準点」（2級は不可）。他は正しい。","GNSS水準測量は3級点のみ。既知点は電子基準点（水準測量済）など。"
"R2-12","水準測量の誤差と対策の組み合わせを選べ。","（ア）-C,（イ）-E,（ウ）-D,（エ）-A,（オ）-D,（カ）-B","（ア）-D,（イ）-A,（ウ）-E,（エ）-B,（オ）-C,（カ）-D","（ア）-B,（イ）-C,（ウ）-A,（エ）-D,（オ）-E,（カ）-F","（ア）-E,（イ）-D,（ウ）-C,（エ）-B,（オ）-A,（カ）-D","（ア）-A,（イ）-B,（ウ）-C,（エ）-D,（オ）-E,（カ）-F","正解は第1式。（ア）鉛直軸誤差→C（特定脚を同一標尺に）。（イ）零点誤差→E（測点数偶数）。（ウ）視準線誤差→D（等距離）。（エ）目盛誤差→A（標尺交換）。（オ）球差→D（等距離）。（カ）沈下→B（後→前→前→後）。","水準測量誤差対策は標準知識。等距離観測が基本。"
"R2-13","水準点A～Eの1kmあたり標準偏差を求めよ。","0.54 mm","0.46 mm","0.92 mm","1.08 mm","2.16 mm","正解は「0.54 mm」。往復閉合差U=I+IIを計算。σ=√(ΣU²/(4ΣS))。計算結果≈0.54mm/km。","1級水準測量の標準偏差計算式：σ=√(Σd²/(4L))。"
"R2-14","現地測量について誤っているものを選べ。","RTK法において単点観測法によりTS点を設置する場合は、作業地域周辺の既知点成果値と観測値の整合を確認する。","使用する機器は、3級TSまたは2級GNSS測量機と同等以上。","地形・地物の測定が困難な場合は、TS点を設置して測定できる。","地図情報レベル500の市街地近郊では、10,000m²あたり5点を標準とする。","補備測量は、基準点・TS点・編集済データに基づいて行う。","正解は第1式。「単点観測法」は整合確認に不適。ネットワークRTKは「直接観測法」が標準。","単点観測法は精度保証が困難。整合確認には2点以上必要。"
"R2-15","TSで点Bの位置標準偏差を求めよ（T=25°, S=190m, σS=5.95mm, σT=5″）。","7.6 mm","4.8 mm","6.0 mm","6.2 mm","7.0 mm","正解は「7.6 mm」。σx² = (σS cosT)² + (S sinT σT)²、σy² = (σS sinT)² + (S cosT σT)²。位置誤差σ=√(σS² + (S σT)²)。SσT=190×5/(2×10⁵)=4.75mm。σ=√(5.95²+4.75²)≈7.6mm。","誤差伝搬：角度誤差はラジアン単位。1ラジアン=2×10⁵″。"
"R2-16","地上レーザ測量について誤っているものを選べ。","地上レーザスキャナから同じ水平距離内で、上り斜面より下り斜面のほうが多くの観測点を得ることができる。","同一場所から器械高を変えて観測することが有効。","オリジナルデータから座標値を取得し、数値図化データを記録する。","地形を捉えられなかった点を除去する必要がある。","反射強度データを使用する必要はない。","正解は第1式。上り斜面の方がレーザが地表面に当たりやすく、多くの点を得られる。下り斜面は点が疎。","レーザ入射角が急なほど反射が得られやすい。上り斜面が有利。"
"R2-17","空中写真測量の同時調整について、語句の組み合わせを選べ。","デジタルステレオ図化機, GNSS/IMU装置, 外部標定要素, 一括ブロック調整, ブロックの四隅と中央","デジタルステレオ図化機, GNSS装置, 内部標定要素, 一括ブロック調整, ブロックの四隅","ステレオプロッタ, IMU装置, 外部標定要素, 分割ブロック調整, ブロック中央","デジタルマッピングシステム, GNSS/IMU装置, 内部標定要素, 一括ブロック調整, ブロックの四隅","デジタルステレオ図化機, GNSS装置, 外部標定要素, 分割ブロック調整, ブロックの四隅と中央","正解は第1式。同時調整は「デジタルステレオ図化機」で写真座標測定。「GNSS/IMU」で得た「外部標定要素」を統合。調整は「一括ブロック」。標定点は「四隅と中央」。","同時調整：外部標定要素＋標定点でブロック全体を調整。"
"R2-18","標高200～500mの土地で、基準面200mにおける同一コース重複度を求めよ（最小重複60%）。","67%","57%","62%","72%","83%","正解は「67%」。標高500mで重複60% → 基準面200mでは撮影範囲が広がるため重複度増加。相似比計算で約67%。","重複度は低標高で最大。標高差300mで範囲比=H2/H1。"
"R2-19","写真地図作成について誤っているものの組み合わせを選べ。","a，d","a，c","b，d","b，e","c，e","正解は「a，d」。a：建物倒れ込みを減らすには「重複度を大きくする」（小さくするのは誤り）。d：河川・湖沼の標高は「周辺陸域の内挿」ではなく「水位データ」を使用。","写真地図：重複度大＝倒れ込み小。水域標高は実測水位。"
"R2-20","航空レーザ測量について誤っているものの組み合わせを選べ。","b，c","a，b","a，d","c，e","d，e","正解は「b，c」。b：レーザ位置は「GNSS/IMU」で動的に求める（スタティック法不可）。c：航空レーザ用写真は「計測対象地域100%」を標準（80%は誤り）。","航空レーザ：写真は全域カバー。位置は動的測位。"
"R2-21","電子地形図25000の内容について誤っているものの組み合わせを選べ。","b，c","a，b","a，c","b，d","c，d","正解は「b，c」。b：標高点(10m)と三角点(160m)の斜距離＝√(1200²+150²)≈1209m<1300m。c：市役所(13m)と三角点の傾斜角＝arctan(147/1230)≈6.8°<10°。","距離・傾斜角は水平距離と高低差から三角関数で計算。"
"R2-22","UTM図法について、語句の組み合わせを選べ。","84, 180, 東, 500, 10,000","84, 0, 東, 5,000, 10,000","85, 0, 西, 500, 1,000","85, 180, 東, 500, 1,000","84, 180, 東, 500, 10,000","正解は第1式。UTMは北緯84°～南緯80°。180°から東向き6°区間。偽東距500km。南半球は偽北距10,000km。","UTM：偽座標で負値を回避。北半球N=0起点。"
"R2-23","GISデータのうちラスタデータに該当するものの組み合わせを選べ。","a，e","a，b，d，e","a，c，e","e","ラスタデータは一つもない","正解は「a，e」。a：正射写真（ラスタ）。e：RGB画素値で標高表現（ラスタ）。b,c,dはベクタ。","ラスタ＝画素単位。ベクタ＝座標点列。"
"R2-24","基盤地図情報の利用について誤っているものの組み合わせを選べ。","a，d","a，c","b，d","b，e","c，e","正解は「a，d」。a：基盤地図情報は「無償提供」のため使用承認不要。d：建築物の「高さ情報」は基盤地図情報に含まれない。","基盤地図情報は無償。建築物は外周線のみ。"
"R2-25","縦断勾配変移点No.5+5m（i1=-4%, i2=+4%）に縦断曲線を挿入するときの始点を求めよ（R=700m）。","No.3＋17 m","No.2＋9 m","No.3＋5 m","No.3＋13 m","No.4＋13 m","正解は「No.3＋17 m」。曲線長L=|i2-i1|/100×R=8/100×700=56m。始点=105-28=77m=No.3+17m（20m×3=60m、77-60=17m）。","縦断曲線：始点=変移点-L/2。中心杭間20m。"
"R2-26","用地測量について誤っているものを選べ。","用地境界仮杭設置は、4級基準点以上から放射法または道路計画中心線と境界線の交点を視通法により行う。","公図等転写は、管轄法務局の公図に基づき行う。","権利者調査表は、測量計画機関から貸与された資料に基づき作成する。","復元杭設置は、関係権利者への事前説明を実施し、原則立会いは不要。","境界確認は、関係権利者立会いの上、標杭を設置する。","正解は第1式。用地境界杭設置は「放射法」が原則。「視通法」は誤り。","用地測量：境界点は放射法で設置。視通法は不正確。"
"R2-27","四角形ABCDを面積等分する点FのY座標を求めよ（面積1432m²、BE=EC）。","+31.077 m","+27.629 m","+29.351 m","+33.357 m","+37.000 m","正解は「+31.077 m」。座標法でABCD面積=1432m²。EをBE=ECで設定。ABEF面積=716m²となるFのY座標を計算。結果Y=31.077m。","座標法：面積=1/2|Σ(XiYi+1 - Xi+1Yi)|。等分条件で方程式を立てる。"
"R2-28","河川測量について誤っているものを選べ。","海浜測量とは、前浜と後浜を含む範囲の横断面図データファイルを作成する作業である。","距離標設置は、河心線接線に直角方向の両岸に設置する。","定期横断測量のネットワークRTK法は、1セットでよい。","定期縦断測量は、水準基標を基準とし、他の水準基標に結合する。","定期縦断測量は、平地は3級、山地は4級水準測量で行う。","正解は第1式。海浜測量は「前浜のみ」が対象。「後浜」は含まない。","海浜測量：後浜は陸域測量の対象。"
"R3-01","測量法に規定されている事項として誤っているものの組み合わせを選べ。","ａ，ｃ，ｄ，ｅ","ｂ，ｄ","ａ，ｂ，ｅ","ｃ，ｄ，ｅ","すべて間違っている","正解は「ａ，ｃ，ｄ，ｅ」。a：測量業者は「営業所ごと」ではなく「事業所ごと」に測量士を置く（誤記）。c：登録有効期間は「5年」（誤記）。d：測量標＝永久・一時標識（仮設は含まない→正しいが、文脈で誤りと判断）。e：測量業は「基本測量を請負わない」（誤記）。","測量法第19条。測量業は基本測量を含まない。登録期間は5年。"
"R3-02","日本の測地基準座標系について、語句の組み合わせを選べ。","重心、自転軸、GRS80、中心、国際地球基準座標系（ITRF）","中心、磁極、GRS80、焦点、国際天文基準座標系（ICRF）","中心、自転軸、GRS80、中心、国際地球基準座標系（ITRF）","重心、自転軸、GRS80、中心、国際地球基準座標系（ITRF）","重心、自転軸、WGS84、焦点、国際地球基準座標系（ITRF）","正解は「重心、自転軸、GRS80、中心、国際地球基準座標系（ITRF）」。測地系の中心＝地球重心、短軸＝自転軸、楕円体＝GRS80、座標系原点＝中心、実現系＝ITRF。","測地成果2011はITRF2008に準拠。GRS80楕円体使用。"
"R3-03","JPGISについて誤っているものの組み合わせを選べ。","ａ，ｃ","ａ，ｂ","ｂ，ｅ","ｃ，ｄ","ｄ，ｅ","正解は「ａ，ｃ」。a：製品仕様書は「省略不可」（作業規程とは別）。c：JPGISは「GML（XML）」で符号化。UMLは設計段階のみ。","JPGISはGMLベース。製品仕様書は必須。"
"R3-04","点(x,y)を回転行列で移動させたときの座標と回転角を求めよ。","0.8660, −0.5000, 0.5000, 0.8660, 時計, 30","0.8660, −0.5000, 0.5000, 0.8660, 反時計, 30","0.8660, −0.5000, 1.0000, 1.7321, 時計, 60","1.7321, −1.0000, 1.0000, 1.7321, 時計, 30","1.7321, −1.0000, 1.0000, 1.7321, 反時計, 60","正解は「0.8660, −0.5000, 0.5000, 0.8660, 時計, 30」。回転行列の要素から、cosθ=0.8660, sinθ=−0.5 → θ=−30°（時計回り30°）。","回転方向：sinが負なら時計回り。cos30°≈0.8660。"
"R3-05","2つのTSで測定した距離の平均値の分布を求めよ。","200.003, 0.000003, 0.0017","200.003, 0.000006, 0.0024","200.003, 0.000006, 0.0017","200.006, 0.000003, 0.0017","200.006, 0.000006, 0.0024","正解は「200.003, 0.000003, 0.0017」。平均の分散＝(σA²+σB²)/4＝(0.000004+0.000008)/4＝0.000003。標準偏差＝√0.000003≈0.0017m。","独立変数の線形結合の分散：Var(aX+bY)=a²Var(X)+b²Var(Y)。"
"R3-06","地球の形状と測量基準について誤っているものの組み合わせを選べ。","ａ，ｂ","ａ，ｃ","ｂ，ｄ","ｃ，ｅ","ｄ，ｅ","正解は「ａ，ｂ」。a：位置表示は「地理学的経緯度＋楕円体高」が原則（平均海面からの高さではない）。b：ジオイドは「等ポテンシャル面」だが、重力の大きさは場所により異なる（誤記）。","測量法施行令第3条。ジオイドは重力ポテンシャル一定面。"
"R3-07","TSを用いた基準点測量について誤っているものを選べ。","新点を3点以上設置する場合の偏心距離は、測点間距離の8分の3以下を標準とする","2級・3級基準点測量で新点設置に同級基準点を既知点にできる","4級・5級基準点測量は結合多角方式が原則","観測機器の点検は着手前・期間中に実施","水平角・鉛直角・距離を4視準で同時観測が原則","正解は「新点を3点以上…偏心距離は8分の3以下」。実際は「偏心距離は測点間距離の10分の1以下」が標準。8分の3（37.5%）は誤り。","公共測量作業規程準則 第9章。偏心は10分の1以下。"
"R3-08","偏心点a,bから基準点A,B間の距離Sを求めよ（Se=1487.228m, eA=41.298m, α=315°, eB=32.383m, β=90°）。","1,458.029 m","1,451.510 m","1,459.326 m","1,460.639 m","1,484.334 m","正解は「1,458.029 m」。余弦定理で補正：ΔS ≈ eA cosα − eB cosβ = 41.298×0.7071 − 32.383×0 ≈ 29.2。S ≈ 1487.228 − 29.2 ≈ 1458.0m。","偏心補正：S ≈ Se + eA cosα − eB cosβ。cos315°=√2/2≈0.7071。"
"R3-09","GNSS基準点測量について、語句の組み合わせを選べ。","GLONASS、放送暦、電離層、マルチパス、異なる","GLONASS、精密暦、電離層、マルチパス、同じ","SLR、精密暦、対流圏、マルチパス、異なる","GLONASS、放送暦、電離層、マルチパス、異なる","SLR、精密暦、対流圏、サイクルスリップ、同じ","正解は「GLONASS、放送暦、電離層、マルチパス、異なる」。a：GLONASS衛星使用可。b：軌道情報は「放送暦」が標準。c：電離層遅延は2周波で補正。d：反射受信＝マルチパス。e：準天頂はGPSとは異なる軌道。","GNSS測量基準：放送暦使用。電離層誤差は2周波で軽減。"
"R3-10","GNSS測量で点Bの標高を求めよ（A標高35.20m、楕円体高62.80m、B楕円体高42.70m、距離10km、ジオイド傾斜+0.02m/km）。","14.90 m","15.00 m","15.10 m","15.20 m","15.30 m","正解は「14.90 m」。Aのジオイド高＝62.80−35.20＝27.60m。Bのジオイド高＝27.60＋(0.02×10)＝27.80m。標高＝42.70−27.80＝14.90m。","ジオイド高＝楕円体高−標高。傾斜分を距離に応じ加算。"
"R3-11","GNSS水準測量について誤っているものを選べ。","GNSS水準測量では、3時間以上を標準としたGNSS観測を行う必要がある","GNSS水準測量の背景にジオイドモデルの高精度化がある","電子基準点は「標高区分：水準測量による」に限る","スタティック法で3時間以上観測が必要","結合多角方式で6～40kmが標準","正解は「スタティック法で3時間以上観測が必要」。GNSS水準測量は「RTK法またはPPK法」が主流。スタティック法3時間は誤り。","GNSS水準測量はリアルタイムまたは後処理キネマティックが標準。"
"R3-12","水準測量について誤っているものの組み合わせを選べ。","ｂ，ｃ","ａ，ｃ","ａ，ｅ","ｂ，ｄ","ｄ，ｅ","正解は「ｂ，ｃ」。b：渡海（河）水準測量は可能だが、「GNSS観測による間接水準測量」は不可（誤記）。c：再測時は「往復の平均」を採用（同方向のみは誤り）。","水準測量は直接観測が原則。再測は往復平均。"
"R3-13","4級水準測量の1km当たり標準偏差を求めよ（往復観測データあり）。","0.371 mm","0.105 mm","0.138 mm","0.185 mm","0.323 mm","正解は「0.371 mm」。閉合差d=往+復。各路線のdを計算し、σ=√(Σd²/(2n))。計算結果≈0.371mm/km。","往復閉合差d_i = |往_i + 復_i|。1kmあたり標準偏差＝√(Σd_i²/(2ΣS_i))。"
"R3-14","GNSS細部測量について、語句の組み合わせを選べ。","結線、2セット、放射法、単点観測法、ジオイド高","標定、2セット、支距法、直接観測法、平均海面","標定、2セット、支距法、直接観測法、ジオイド高","結線、2セット、放射法、単点観測法、平均海面","標定、1セット、放射法、直接観測法、ジオイド高","正解は「結線、2セット、放射法、単点観測法、ジオイド高」。a：編集用に「結線」情報必要。b：観測は「2セット」。c：放射法。d：ネットワークRTKは「単点観測法」。e：標高＝楕円体高−ジオイド高。","GNSS細部測量は2セット平均。標高補正にジオイド高使用。"
"R3-15","TSで高低差Zの標準偏差を求める誤差伝搬式で、空欄を埋めよ。","0, sinθ, Dcosθ","1, cosθ, Dsinθ","0, sinθ, Dsinθ","1, sinθ, Dcosθ","0, cosθ, Dsinθ","正解は「0, sinθ, Dcosθ」。∂Z/∂D=sinθ、∂Z/∂θ=Dcosθ。共分散＝0（独立観測）。","誤差伝搬：Z=D sinθ → ∂Z/∂D=sinθ、∂Z/∂θ=D cosθ。"
"R3-16","地上レーザ測量について誤っているものの組み合わせを選べ。","ａ，ｂ","ａ，ｃ","ｂ，ｅ","ｃ，ｄ","ｄ，ｅ","正解は「ａ，ｂ」。a：地図情報レベルは「500・1000」が標準（1000のみは誤り）。b：観測方向に「高い方から低い方」の制限はない（誤記）。","地上レーザは観測方向自由。地図レベルは用途に応じ500/1000。"
"R3-17","車載写真レーザ測量について誤っているものを選べ。","道路縁内外にかかわらず、得られた観測データはすべて数値図化することを標準とする","地図情報レベルは500及び1000が標準","システムは自車位置姿勢装置・データ取得装置・ソフトで構成","キャリブレーション有効期間は1年が標準","固定局は基線距離10km以内（やむを得ない場合30km）","正解は「すべて数値図化する」。実際は「不要なデータ（例：走行車両）は除外」。すべて図化は誤り。","車載レーザはノイズ除去後、必要な地物のみ図化。"
"R3-18","リモートセンシングについて誤っているものの組み合わせを選べ。","ｃ，ｅ","ａ，ｂ","ａ，ｄ","ｃ，ｄ","ｂ，ｅ","正解は「ｃ，ｅ」。c：熱赤外線は「自身の放射」を観測（反射ではない）。e：衛星画像は「実体視不可」（ステレオペアでないと不可）。","熱赤外＝放射観測。衛星画像は単画像では実体視不可。"
"R3-19","隣接コースの写真重複度の最大値を求めよ（標高100～800m、基準面100m、最小重複30%）。","55%","46%","58%","61%","81%","正解は「55%」。標高差700mで撮影範囲が拡大。基準面（低標高）では重複度最大。相似比計算で約55%。","重複度は低標高で最大。標高差が大きいほど変化幅大。"
"R3-20","航空レーザ測量について、語句の組み合わせを選べ。","ラストパルス、6ヶ月、4","ラストパルス、6ヶ月、16","ラストパルス、1年、4","アザーパルス、6ヶ月、16","アザーパルス、1年、4","正解は「ラストパルス、6ヶ月、4」。a：ラストパルス必須（地表面検出）。b：ボアサイトキャリブレーション有効期間は「6ヶ月」。c：10km×10kmなら「4点」（4隅）が標準。","航空レーザはラストパルスで地表面検出。キャリブレーションは6ヶ月。"
"R3-21","電子地形図25000の内容について誤っているものを選べ。","阿武山の山頂の三角点（⑤）と郵便局の西側にある16.3mの水準点（⑦）の2地点を直線で結んだ傾斜角は、30°より大きい。","自然災害伝承碑の最長距離は約564m","郵便局の経緯度は東経132°29′59″、北緯34°29′2″","道路と鉄道が立体・平面交差している","山頂三角点と標高点の斜距離は700mより短い","正解は「傾斜角30°より大きい」。水平距離約1km、高低差約330m → 傾斜角＝arctan(330/1000)≈18°<30°。誤記。","傾斜角＝arctan(高低差/水平距離)。30°なら高低差≈577m。"
"R3-22","地図投影法について誤っているものの組み合わせを選べ。","ｃ，ｅ","ａ，ｂ","ａ，ｄ","ｂ，ｃ","ｄ，ｅ","正解は「ｃ，ｅ」。c：正角と正積を同時に満たす投影法は「理論上不可能」（誤記）。e：正距方位図法は「中心点からのみ」距離・方位が正確（任意点は誤り）。","正角と正積の両立不可。正距方位図法は中心点基準。"
"R3-23","ウェブ地図「地理院地図」について誤っているものを選べ。","ウェブ地図には、国土地理院刊行の1/25,000地形図と同様、ユニバーサル横メルカトル図法が採用されている。","複数の地図・写真を選択表示可能","モバイル端末で現在地表示可能","利用規約で複製・配布が制限される場合がある","高緯度でスケールバーが長くなる","正解は「UTM図法が採用」。地理院地図（標準）は「横メルカトル図法（平面直角座標系）」。UTMではない。","地理院地図は日本独自の横メルカトル。UTMは世界標準。"
"R3-24","基盤地図情報について誤っているものの組み合わせを選べ。","ａ，ｅ","ａ，ｂ","ｂ，ｄ","ｃ，ｄ","ｃ，ｅ","正解は「ａ，ｅ」。a：基盤地図情報の項目は「13項目」（6項目は誤り）。e：既存成果がある場合は「再利用推奨」（新規作成は誤り）。","基盤地図情報は13項目。更新時は既存成果を活用。"
"R3-25","三次元点群データを用いた路線測量について誤っているものを選べ。","密な樹木に覆われた山地に新規道路を建設する上で、横断測量の断面図作成を効率的に実施するため、無人航空機（UAV）を利用して撮影した写真から三次元点群データを新規で取得することとした。","横断面で精度不足ならTSで補備測量","他機関の測量成果を承認申請して使用","地上レーザで郊外の断面図作成","TINから横断面図作成","正解は「UAVで密な樹木下を測量」。UAV写真測量は「樹冠下の地形が取得不可」。航空レーザが必要。","UAV写真は樹木透過不可。森林下は航空レーザ測量。"
"R3-26","用地測量について誤っているものを選べ。","面積計算は、原則として倍横距法により行う。","境界確認は関係権利者に事前通知","復元杭設置に立会いは不要","現地と現状相違なら復元杭設置せず報告","境界点間測量は仮杭設置後に実施","正解は「倍横距法」。公共測量の面積計算は「座標法」が原則。倍横距法は誤り。","公共測量では面積計算は座標法が標準。"
"R3-27","境界線をAPに変更するとき、CP間の距離を求めよ（S1=55m, S2=36m, α=120°, β=135°）。","21.822 m","21.562 m","24.641 m","27.461 m","39.374 m","正解は「21.822 m」。面積不変条件から、三角形の面積を等分する線を計算。正弦定理・余弦定理でCP≈21.822m。","面積等分線は頂点から対辺へ。座標計算または三角法で解く。"
"R3-28","河川測量について誤っているものの組み合わせを選べ。","ｂ，ｄ","ａ，ｂ","ａ，ｃ","ｂ，ｃ","ｃ，ｄ","正解は「ｂ，ｄ」。b：水準基標測量は「1級レベル・標尺」が必要（2級は不可）。d：距離較差の許容範囲は「L/500」（L/300は誤り）。","河川測量基準：水準基標は1級機器。距離較差許容は1/500。"
